ключ;наличие витального сайта;конкуренция;просмотры;хвосты;директ: спец.размещение;директ: 1 место;директ: гарантированные показы;
"труба для скважины";"";"16";"1022";"29169";"56,2";"77,5";"72,7";
"обсадная труба для скважины";"";"16";"1300";"7872";"56,9";"83";"77,8";
"труба для скважины 125";"";"18";"137";"3445";"48,1";"66,8";"64,5";
"какая труба для скважины";"";"8";"10";"3208";"35,8";"58,3";"58,3";
"труба для скважины 32";"";"17";"42";"2437";"65,9";"75,8";"70,5";
"пластиковая труба для скважины";"";"16";"241";"2115";"36,5";"67,8";"67,7";
"обсадная труба для скважины купить";"";"17";"96";"1894";"58,9";"81";"79,7";
"обсадная труба для скважины 125";"";"9";"189";"1671";"53,7";"68,1";"65,8";
"труба для скважины цена";"";"17";"19";"1643";"46,4";"60,6";"57,3";
"пнд труба для скважины 32";"";"16";"302";"1157";"93,3";"81,2";"78,2";
"труба для скважины нпвх";"";"10";"114";"867";"77,1";"88,5";"86,7";
"труба обсадная для скважин 125 купить";"";"5";"214";"710";"50,8";"76";"76";
"обсадная труба для скважины 125 мм";"";"12";"35";"848";"59,2";"82";"78,9";
"обсадная труба для скважины цена";"";"16";"10";"732";"58,5";"56,8";"53,3";
"обсадные пластиковые трубы для скважин";"";"10";"121";"616";"37,6";"59,8";"59,8";
"диаметр обсадной трубы для скважины";"";"18";"119";"565";"54,4";"91,7";"74,2";
"пнд труба для скважины купить";"";"10";"22";"646";"117,1";"86,4";"86,4";
"труба для скважины 110";"";"4";"18";"647";"58,6";"60,8";"57,6";
"труба для скважины 25";"";"11";"3";"603";"63,3";"62,6";"62,6";
"синяя труба для скважины";"";"10";"81";"464";"40,5";"65,3";"61,9";
"какая обсадная труба для скважины";"";"9";"0";"532";"29,5";"53,8";"53,8";
"металлическая труба для скважины";"";"3";"27";"457";"44,2";"94,1";"81,3";
"кессон для скважины";"";"25";"6724";"16722";"84,6";"142,7";"134,3";
"купить кессон для скважины";"";"19";"1109";"2906";"81,4";"143,5";"135,5";
"пластиковый кессон для скважины";"";"23";"935";"2205";"82,6";"157,2";"151,8";
"кессон для скважины пластиковый купить";"";"22";"340";"994";"87,1";"190,6";"188,8";
"кессон для скважины своими руками";"";"11";"505";"791";"24,6";"44,4";"43,4";
"кессон для скважины цена";"";"22";"96";"705";"126,2";"214,3";"213,9";
"кессон из колец для скважины";"";"8";"35";"541";"100,9";"103,6";"103,6";
"бетонный кессон для скважины";"";"15";"59";"441";"74,8";"119,6";"119,6";
"лучшие кессоны для скважин";"";"22";"10";"478";"70";"75,6";"70,9";
"для чего нужен кессон для скважины";"";"14";"116";"371";"20,9";"53,1";"53,1";
"установка кессона для скважины";"";"15";"47";"385";"195,9";"354,4";"354,4";
"кессон для скважины вода";"";"9";"0";"414";"111,3";"210";"210";
"кессон для абиссинской скважины";"";"23";"215";"164";"66,5";"83,9";"68,1";
"кессон из бетонных колец для скважины";"";"9";"80";"274";"107,1";"126,4";"126,4";
"кессон для скважины под ключ";"";"15";"88";"265";"227,7";"300";"297,2";
"кессон или адаптер для скважины";"";"14";"78";"265";"58,9";"98,2";"98,2";
"как сделать кессон для скважины";"";"11";"34";"301";"21,2";"59,2";"53,6";
"недорогие кессоны для скважин";"";"11";"4";"323";"91,9";"167,2";"167,2";
"кессон погреб для скважины";"";"22";"85";"242";"93,2";"91,4";"87,3";
"производители кессонов для скважин";"";"20";"2";"321";"144,4";"183,8";"183,8";
"гидроаккумулятор для скважины";"";"20";"232";"4187";"39,1";"53,3";"52";
"гидроаккумулятор для скважины воды";"";"10";"1";"778";"37,4";"55,3";"54,2";
"реле давления для гидроаккумулятора скважины";"";"7";"0";"751";"38,6";"49,3";"49,3";
"гидроаккумулятор для скважины с автоматикой";"";"21";"85";"655";"47,9";"44,7";"44,7";
"гидроаккумулятор для скважины какой";"";"6";"2";"670";"30,5";"45,9";"44,7";
"какой выбрать гидроаккумулятор для скважины";"";"5";"10";"388";"32,2";"47,4";"46,3";
"гидроаккумулятор для скважины в частный дом";"";"14";"2";"347";"28,8";"81";"77,2";
"гидроаккумулятор для скважины купить";"";"19";"52";"272";"38,3";"32";"32";
"схема водоснабжения частного дома от скважины с гидроаккумулятором";"";"13";"313";"196";"0";"0";"0";
"гидроаккумулятор для скважины как подключить";"";"14";"6";"200";"19,5";"50,3";"50,3";
"гидроаккумулятор для систем водоснабжения скважины";"";"10";"0";"179";"24,2";"52,3";"52,3";
"автоматика для скважины без гидроаккумулятора";"";"7";"6";"156";"35,9";"48,4";"36,7";
"гидроаккумулятор для скважины подключение";"";"14";"0";"160";"38,5";"43,2";"39";
"как выбрать гидроаккумулятор для скважины";"";"2";"0";"151";"21,5";"74,9";"60,6";
"как выбрать гидроаккумулятор для водоснабжения из скважины";"";"14";"31";"111";"22,9";"75,6";"60";
"гидроаккумулятор для скважины схема";"";"7";"0";"136";"29,5";"40,8";"39,9";
"реле давления для дренажного насоса";"";"24";"33";"42";"63,5";"23,9";"23,1";
"адаптер для скважины";"";"23";"1254";"2908";"79,3";"74,7";"72,6";
"адаптер для скважины купить";"";"15";"194";"302";"48,2";"54";"54";
"адаптер для трубы для скважины";"";"9";"14";"302";"46,4";"56,1";"56,1";
"скважинный адаптер для скважины";"";"12";"129";"131";"74,6";"72,1";"72,1";
"адаптер для скважины 32";"";"8";"6";"250";"77,7";"61,5";"61,5";
"лучшие адаптеры для скважины";"";"20";"1";"248";"41,3";"114,1";"114,1";
"адаптер для скважин 1";"";"12";"3";"226";"55";"47,7";"47,7";
"адаптер для скважины 1 под 32";"";"7";"20";"164";"59,5";"62,2";"62,2";
"адаптер для скважины под 32 пнд";"";"4";"0";"159";"57,6";"59";"59";
"адаптер для скважины под 32 трубу";"";"7";"0";"155";"57,9";"68,2";"68,2";
"адаптер для скважины купить 1 под 32";"";"16";"12";"143";"59";"59,5";"59,5";
"адаптер для скважины 32 пнд трубу";"";"2";"0";"148";"63,1";"65,3";"65,3";
"фильтр для воды из скважины";"";"25";"569";"13304";"141,8";"136,5";"129,1";
"фильтр для очистки воды из скважины";"";"25";"228";"4877";"143,7";"147";"143";
"фильтр для воды из скважины частного дома";"";"11";"45";"2927";"213,2";"193,6";"173,5";
"дренажная труба 110 в фильтре";"";"16";"119";"2722";"83,2";"134,7";"122";
"дренажная труба 110 в фильтре геотекстиль";"";"15";"851";"1432";"74,5";"130,5";"118,9";
"фильтр для воды от железа из скважины";"";"19";"289";"1708";"162,5";"161";"157,4";
"фильтр для воды в дом из скважины";"";"22";"45";"1788";"237,4";"208,4";"195,6";
"труба дренажная с фильтром";"";"17";"43";"1638";"116";"241,2";"170,9";
"фильтр для дренажного насоса";"";"24";"112";"1529";"119,2";"55,5";"53,1";
"фильтры очистки воды для дома из скважины";"";"25";"5";"1460";"176,1";"199,4";"193,7";
"купить фильтр для воды из скважины";"";"22";"28";"1336";"103,3";"119";"113,2";
"дренажный фильтрационный колодец";"";"22";"303";"858";"109";"124,9";"122,1";
"какой фильтр для воды из скважины";"";"18";"9";"1120";"38,3";"58,2";"57,7";
"грубый фильтр для воды из скважины";"";"15";"2";"1088";"64,3";"80,1";"71,6";
"фильтр грубой очистки для воды из скважины";"";"25";"483";"601";"64,4";"80,1";"71,6";
"фильтр для бассейна из дренажного насоса";"";"19";"390";"638";"86,7";"50,4";"47,5";
"фильтр на трубу для скважины";"";"9";"25";"930";"50,3";"58,2";"52,6";
"магистральный фильтр для воды из скважины";"";"25";"220";"730";"95,2";"85";"81,6";
"купить трубу для скважины";"";"15";"80";"4720";"63,4";"84";"82,5";
"трубы пнд для скважины";"";"7";"146";"3444";"74,6";"83,4";"81,6";
"диаметр трубы для скважины";"";"7";"82";"2214";"44,9";"68,6";"64,8";
"трубы для скважины на воду";"";"17";"174";"1944";"40,9";"64,7";"60,9";
"труба для абиссинской скважины";"";"21";"154";"1719";"56,7";"71,3";"70,9";
"купить трубу для скважины 125";"";"13";"24";"1223";"46,2";"79,4";"79,4";
"труба 125 мм для скважины";"";"7";"18";"1131";"60";"82,4";"73,7";
"лучшие трубы для скважины";"";"15";"0";"921";"44,7";"61,2";"60,7";
"труба 125 для скважины цена";"";"9";"68";"847";"46,6";"54,9";"52,1";
"трубы для бурения скважин";"";"16";"46";"821";"96,5";"82,7";"82,7";
"какая труба лучше для скважины";"";"12";"57";"735";"37,2";"58,3";"57,9";
"купить трубу 32 для скважины";"";"14";"9";"758";"77";"80,7";"79";
"резьба для труб скважин";"";"4";"0";"763";"52,3";"78";"73,5";
"скважина для воды какие трубы";"";"10";"0";"750";"35,4";"62,2";"62,2";
"какую трубу использовать для скважины";"";"12";"27";"693";"33,5";"53,4";"53,4";
"какой диаметр трубы для скважины";"";"3";"9";"690";"38,1";"49,4";"49,4";
"труба дренажная 110";"";"13";"3431";"15305";"99,5";"135,5";"126,6";
"дренажная труба купить";"";"19";"2107";"15350";"109";"154,9";"145,6";
"труба дренажная мм";"";"13";"0";"10727";"109";"159,5";"144,3";
"труба дренажная гофрированная";"";"21";"817";"9441";"121,5";"155,7";"137,4";
"дренажная труба без";"";"9";"0";"5301";"127,9";"164,7";"155,6";
"труба перфорированная дренажная";"";"16";"409";"3925";"133,9";"179,5";"155,4";
"дренажная труба 110 мм";"";"15";"51";"3651";"110,9";"152,5";"137,8";
"дренажная труба 110 купить";"";"14";"315";"3379";"118,3";"149,7";"140,5";
"труба дренажная 160";"";"15";"568";"3036";"126";"193,5";"169,5";
"дренажная труба цена";"";"18";"183";"3231";"77,5";"135,9";"128,7";
"дренажная труба с перфорацией";"";"19";"183";"3228";"118,5";"154,6";"115,9";
"дренажная труба без щебня";"";"20";"849";"2537";"137,4";"175";"166,1";
"труба дренажная пнд";"";"12";"54";"3158";"148";"168,7";"141,3";
"дренажная труба 50";"";"21";"25";"2843";"93,4";"151,6";"136,6";
"дренажная труба 200";"";"17";"401";"2211";"120,9";"172,8";"168,9";
"труба дренажная м";"";"7";"0";"2559";"121,2";"161,6";"140";
"труба для дренажных вод";"";"17";"2";"2487";"79,2";"139";"126,4";
"труба дренажная 110 гофрированная";"";"16";"252";"2137";"134,3";"165,5";"148,1";
"труба дренажная двухслойная";"";"16";"56";"2128";"127,7";"224,9";"189";
"дренажная труба для отвода воды";"";"19";"71";"2062";"79,9";"143,9";"128,8";
"труба дренажная гофрированная купить";"";"20";"54";"1919";"165,5";"189,9";"171";
"правильная дренажная труба";"";"10";"0";"1802";"34,5";"69,3";"68,5";
"дренажная труба 300";"";"11";"227";"1546";"87";"182,4";"160,2";
"труба дренажная гофрированная перфорированная";"";"14";"46";"1611";"165";"187,7";"157,1";
"дренажная труба в геотекстиле";"";"14";"202";"7238";"90,9";"133,9";"124,9";
"геотекстиль для дренажа";"";"21";"1090";"4365";"447,8";"263,4";"241";
"труба дренажная в геотекстиле 110";"";"16";"774";"3948";"86,8";"124";"117,7";
"какой геотекстиль для дренажа";"";"10";"89";"2054";"380,4";"87";"84,6";
"дренажная труба в геотекстиле купить";"";"17";"15";"1683";"112";"145,1";"143,3";
"купить трубу дренажную в геотекстиле 110";"";"17";"114";"1119";"117";"136,2";"135,6";
"геотекстиль трубы дренажные цена";"";"10";"0";"1189";"80,1";"123,6";"113";
"дренажная труба в геотекстиле 110 цена";"";"9";"278";"612";"87,2";"127,8";"112,1";
"плотность геотекстиля для дренажа";"";"10";"94";"750";"243,2";"88,8";"83";
"труба дренажная 110 мм в геотекстиле";"";"14";"18";"781";"152,3";"145,6";"134,4";
"геотекстиль для дренажа купить";"";"19";"321";"463";"755,1";"296";"288,7";
"труба дренажная с перфорацией в геотекстиле";"";"16";"32";"697";"93,5";"120,2";"104,8";
"геотекстиль для дренажа какая плотность";"";"11";"74";"590";"255,6";"79,1";"75,6";
"купить трубу дренажную 110 мм в геотекстиле";"";"17";"194";"405";"162,2";"136,3";"132,6";
"какой геотекстиль нужен для дренажа";"";"10";"75";"504";"608,5";"95";"87,9";
"какой геотекстиль использовать для дренажа";"";"8";"149";"394";"219,1";"85,6";"85,6";
"труба дренажная в геотекстиле 160";"";"14";"61";"335";"118,5";"163,7";"137,2";
"геотекстиль для дренажа какой выбрать";"";"10";"208";"188";"62,1";"107,6";"107,6";
"щебень для дренажа";"";"11";"239";"4149";"127,8";"145,2";"139,2";
"какой щебень для дренажа";"";"9";"81";"2040";"80,6";"110";"108,5";
"какой щебень нужен для дренажа";"";"8";"144";"650";"72,1";"117,1";"117,1";
"лучший щебень для дренажа";"";"3";"0";"582";"74,2";"121,8";"121,8";
"какой щебень использовать для дренажа";"";"5";"71";"477";"168,1";"88,3";"88,3";
"какой щебень лучше для дренажа";"";"10";"155";"309";"48,7";"108";"108";
"щебень для дренажа какая фракция нужна";"";"6";"211";"169";"46";"124,2";"124,2";
"дренажный колодец щебень";"";"2";"0";"357";"83,4";"88,8";"88,8";
"купить щебень для дренажа";"";"5";"34";"265";"193,4";"197,9";"197,9";
"можно ли для дренажа использовать щебень";"";"1";"8";"170";"113";"74";"74";
"какой щебень использовать для дренажа лучше";"";"3";"105";"52";"69,4";"85,5";"85,5";
"какой щебень нужен для дренажа на участке";"";"6";"55";"100";"42,3";"129,1";"129,1";
"щебень для дренажа какая фракция";"";"6";"159";"597";"47,8";"110";"110";
"гранитный щебень для дренажа";"";"4";"29";"62";"187,7";"251,6";"251,6";
"дренажный колодец купить";"";"19";"1006";"4922";"106,3";"170,2";"153";
"дренажный колодец пластиковый";"";"17";"1197";"3805";"116,9";"159,8";"140,1";
"колодец дренажный смотровой";"";"21";"355";"2121";"121,8";"145,3";"134,2";
"какой колодец дренажный";"";"8";"1";"1933";"48,4";"89,9";"89,2";
"дренажный колодец для септика";"";"15";"465";"1129";"98,1";"139,4";"135,4";
"дренажный колодец 315";"";"12";"62";"1466";"86,7";"131,2";"105,6";
"купить дренажный колодец пластиковый";"";"17";"255";"1126";"125,7";"214";"187,1";
"дренажный колодец для воды";"";"9";"7";"1238";"65,4";"93";"86,6";
"колодец дренажный конический";"";"14";"103";"867";"113,5";"143,3";"123,3";
"канализация дренажный колодец";"";"11";"2";"900";"99,4";"172,2";"167,3";
"дренажный колодец своими руками";"";"7";"284";"609";"44,3";"43,8";"41,1";
"конусный дренажный колодец";"";"20";"170";"704";"96,5";"119,5";"118,4";
"дренажный колодец для ливневой";"";"21";"12";"681";"105,2";"169,8";"160,8";
"колодец дренажный 400";"";"15";"33";"641";"97,4";"139,4";"137,7";
"дренажный колодец 110";"";"9";"0";"670";"131,9";"110,4";"103,8";
"как сделать дренажный колодец";"";"11";"77";"580";"44,1";"66,5";"64,6";
"колодец ливневой канализации";"";"18";"109";"3197";"115,5";"189,1";"166,3";
"труба для ливневой канализации";"";"12";"335";"2963";"86,3";"117,5";"104,9";
"дождеприемники для ливневой канализации";"";"18";"700";"1453";"112,9";"166,7";"157,1";
"ливневая канализация купить";"";"18";"57";"1793";"150";"203,2";"167,4";
"система ливневой канализации";"";"12";"83";"1667";"158,3";"223,5";"179,8";
"сети ливневой канализации";"";"11";"22";"1702";"119,9";"183,3";"102,8";
"дренажно ливневая канализация";"";"10";"11";"1334";"105,1";"196,8";"190,7";
"устройство ливневой канализации";"";"13";"132";"1213";"144,2";"237,1";"197,8";
"уклон ливневой канализации";"";"9";"120";"1195";"92,2";"145,5";"145,3";
"канализация ливневых вод";"";"3";"0";"1243";"116,1";"147,7";"126,6";
"ливневая канализация 110";"";"14";"0";"1093";"96,2";"113,7";"108,2";
"лотки для ливневой канализации";"";"20";"118";"932";"87,4";"210,5";"189,6";
"монтаж ливневой канализации";"";"11";"148";"878";"313,9";"493,9";"374,7";
"ливневая канализация работы";"";"10";"2";"933";"131,5";"345,2";"275,6";
"ливневая канализация в частном";"";"10";"0";"889";"119,8";"166";"160,2";
"диаметр ливневой канализации";"";"4";"9";"879";"59,8";"150,7";"146,7";
"диаметр дренажной трубы";"";"8";"177";"4683";"74,7";"132,5";"115,9";
"дренаж участка своими руками";"";"16";"414";"3667";"38,7";"60,9";"58,8";
"дренажные трубы метров";"";"16";"2";"3309";"72,8";"143,1";"135,3";
"как сделать дренаж на участке";"";"19";"490";"2315";"36,2";"83,8";"80,8";
"дренажные трубы для отвода";"";"21";"52";"2563";"79,6";"146";"131,3";
"укладка дренажной трубы";"";"9";"262";"1645";"68,9";"160,2";"159,5";
"как сделать дренаж своими руками";"";"16";"28";"1644";"29,6";"60,7";"58,9";
"уклон дренажной трубы";"";"9";"206";"1452";"83";"119,6";"110,4";
"муфта для дренажной трубы";"";"13";"69";"1406";"68,9";"140,7";"116,8";
"дренажные трубы для отвода грунтовых";"";"19";"55";"1363";"85,3";"157,2";"140,1";
"как укладывать дренажную трубу";"";"13";"220";"1118";"39,2";"81,5";"81,3";
"глубина дренажной трубы";"";"5";"26";"1299";"54,6";"101,1";"99,8";
"дренажные трубы для отвода грунтовых вод";"";"18";"390";"917";"87";"154,4";"132,2";
"купить перфорированную дренажную трубу";"";"17";"23";"1203";"165,4";"226,6";"209,4";
"как сделать дренаж участка своими руками";"";"6";"32";"1155";"29,8";"61,5";"58,4";
"правильный дренаж на участке";"";"19";"40";"1130";"36,6";"82,3";"78,3";
"сделать дренаж на участке своими руками";"";"17";"32";"1113";"29,7";"60,8";"59,5";
"дренаж участка под";"";"11";"0";"1124";"552,6";"1248,4";"1148,7";
"купить дренажную трубу 110 мм";"";"13";"92";"1000";"149,2";"137,8";"130,9";
"диаметр дренажного колодца";"";"7";"36";"1031";"86,8";"120,4";"106,1";
"крышка для дренажного колодца";"";"21";"156";"871";"81,5";"77,5";"68,3";
"бухта дренажной трубы";"";"18";"36";"982";"108,3";"132,7";"119,8";
"отвод воды от дома";"";"16";"178";"1188";"63,9";"115,2";"111";
"как сделать отвод воды от дома";"";"12";"40";"160";"27,7";"69,3";"61,8";
"отвод воды от частного дома";"";"12";"0";"197";"55,4";"122,7";"114,4";
"отвод воды от фундамента дома";"";"9";"11";"90";"98,9";"100,7";"64,5";
"отвод воды от дома своими руками";"";"16";"33";"65";"23,3";"64,8";"64,8";
"отвод воды с крыши в частном доме";"";"22";"61";"52";"59,1";"90,9";"65,8";
"отвод воды от дома дренаж";"";"19";"58";"24";"127,9";"104,8";"85,1";
"отвод воды из дренажного колодца";"";"13";"21";"47";"65,3";"50,4";"50,4";
